cellule,description,id_candidat
T01,"R02 rôles [0, 1]",C009698
T01,"R02 rôles [0, 1]",C010347
T02,"R02 rôles [0, 2]",C009698
T02,"R02 rôles [0, 2]",C010665
T03,"R02 rôles [1, 2, 3]",C010347
T03,"R02 rôles [1, 2, 3]",C010665
T03,"R02 rôles [1, 2, 3]",C013784
T04,"R04 rôles [0, 1]",C008268
T04,"R04 rôles [0, 1]",C013530
T05,"R04 rôles [0, 2]",C008268
T05,"R04 rôles [0, 2]",C000194
T06,"R04 rôles [1, 2, 3]",C013530
T06,"R04 rôles [1, 2, 3]",C000194
T06,"R04 rôles [1, 2, 3]",C006120
T07,"R08 rôles [0, 1]",C011313
T07,"R08 rôles [0, 1]",C010194
T08,"R08 rôles [0, 2]",C011313
T08,"R08 rôles [0, 2]",C004931
T09,"R08 rôles [1, 2, 3]",C010194
T09,"R08 rôles [1, 2, 3]",C004931
T09,"R08 rôles [1, 2, 3]",C007911
T10,R03 rôle [0],C003737
