file,a,b,c,e,d,k,expected_accuracy,changed_vs_best
work/strat3/batch/r7_01.csv,0.172,0.025,-0.016,-0.041,0.091,1595,94.806,48
work/strat3/batch/r7_02.csv,0.169,0.022,-0.018,-0.052,0.12,1595,94.796,54
work/strat3/batch/r7_03.csv,0.176,0.023,-0.025,-0.034,0.086,1595,94.795,48
work/strat3/batch/r7_04.csv,0.175,0.023,-0.018,-0.051,0.126,1595,94.795,52
work/strat3/batch/r7_05.csv,0.16,0.025,-0.012,-0.017,0.057,1595,94.791,52
work/strat3/batch/r7_06.csv,0.172,0.025,-0.019,-0.065,0.141,1595,94.791,56
work/strat3/batch/r7_07.csv,0.187,0.021,-0.018,-0.033,0.052,1595,94.79,40
work/strat3/batch/r7_08.csv,0.174,0.024,-0.017,-0.055,0.092,1595,94.789,52
work/strat3/batch/r7_09.csv,0.176,0.028,-0.02,-0.066,0.149,1595,94.788,56
work/strat3/batch/r7_10.csv,0.166,0.025,-0.024,-0.019,0.061,1595,94.788,52
