cellule,id_candidat,U,eloignee,p_erreur
R01,C013677,1,0,0.67
R01,C005647,1,0,0.595
R01,C001841,1,0,0.581
R01,C006510,1,0,0.564
R01,C008598,1,0,0.563
R01,C012781,1,0,0.562
R01,C013174,1,0,0.552
R02,C009698,0,0,0.59
R02,C013784,0,0,0.586
R02,C009913,0,0,0.58
R02,C007568,0,0,0.562
R02,C010347,0,0,0.554
R02,C010665,0,0,0.551
R02,C013034,0,0,0.539
R03,C002397,1,1,0.646
R03,C001213,1,1,0.582
R03,C009960,1,1,0.528
R03,C010924,1,1,0.523
R03,C008242,1,1,0.499
R03,C003737,1,1,0.481
R03,C003621,1,1,0.48
R04,C008268,1,0,0.552
R04,C000194,1,0,0.531
R04,C008582,1,0,0.523
R04,C000638,1,0,0.518
R04,C006120,1,0,0.511
R04,C001428,1,0,0.502
R04,C013530,1,0,0.494
R05,C005364,0,0,0.508
R05,C011236,0,0,0.504
R05,C000222,0,0,0.502
R05,C008545,0,0,0.501
R05,C005232,0,0,0.483
R05,C000440,0,0,0.482
R05,C008340,0,0,0.477
R06,C012645,0,1,0.556
R06,C011012,0,1,0.516
R06,C008358,0,1,0.484
R06,C011544,0,1,0.476
R06,C007523,0,1,0.476
R06,C002340,0,1,0.471
R06,C000419,0,1,0.466
R07,C011654,1,0,0.492
R07,C002113,1,0,0.492
R07,C008123,1,0,0.488
R07,C013468,1,0,0.486
R07,C007559,1,0,0.473
R07,C001899,1,0,0.47
R07,C010582,1,0,0.469
R08,C010194,1,1,0.476
R08,C007911,1,1,0.471
R08,C011313,1,1,0.469
R08,C004931,1,1,0.468
R08,C010216,1,1,0.464
R08,C010361,1,1,0.46
R08,C006552,1,1,0.459
R09,C000790,1,0,0.467
R09,C001663,1,0,0.466
R09,C003923,1,0,0.465
R09,C006907,1,0,0.464
R09,C007281,1,0,0.464
R09,C004316,1,0,0.453
R09,C012250,1,0,0.451
R10,C010388,0,0,0.476
R10,C004950,0,0,0.465
R10,C000734,0,0,0.458
R10,C005005,0,0,0.456
R10,C005981,0,0,0.454
R10,C000169,0,0,0.446
R10,C003940,0,0,0.444
R11,C007592,1,0,0.45
R11,C003410,1,0,0.448
R11,C000505,1,0,0.447
R11,C013862,1,0,0.446
R11,C007879,1,0,0.443
R11,C001324,1,0,0.44
R11,C010392,1,0,0.435
R12,C006308,0,1,0.466
R12,C006375,0,1,0.463
R12,C000471,0,1,0.45
R12,C003209,0,1,0.448
R12,C007870,0,1,0.426
R12,C004614,0,1,0.421
R12,C006719,0,1,0.42
R13,C013241,1,1,0.458
R13,C009020,1,1,0.449
R13,C004620,1,1,0.442
R13,C005856,1,1,0.437
R13,C001802,1,1,0.437
R13,C004048,1,1,0.431
R13,C011388,1,1,0.43
R14,C007342,0,0,0.444
R14,C001761,0,0,0.44
R14,C010498,0,0,0.434
R14,C003361,0,0,0.433
R14,C003777,0,0,0.424
R14,C006048,0,0,0.42
R14,C007387,0,0,0.418
R15,C009458,1,0,0.431
R15,C007053,1,0,0.427
R15,C010818,1,0,0.417
R15,C009640,1,0,0.416
R15,C013056,1,0,0.411
R15,C004231,1,0,0.409
R15,C008439,1,0,0.407
R16,C010967,1,1,0.427
R16,C003781,1,1,0.424
R16,C001921,1,1,0.424
R16,C004591,1,1,0.411
R16,C011054,1,1,0.41
R16,C008034,1,1,0.406
R16,C012354,1,1,0.405
R17,C011287,0,0,0.413
R17,C000864,0,0,0.41
R17,C001130,0,0,0.409
R17,C007541,0,0,0.407
R17,C010618,0,0,0.404
R17,C011084,0,0,0.402
R17,C008721,0,0,0.4
R18,C002991,0,1,0.415
R18,C002394,0,1,0.41
R18,C000430,0,1,0.409
R18,C013517,0,1,0.402
R18,C002001,0,1,0.4
R18,C000704,0,1,0.4
R18,C003885,0,1,0.399
R19,C007338,1,1,0.4
R19,C004068,1,1,0.4
R19,C000972,1,1,0.4
R19,C002983,1,1,0.4
R19,C009456,1,1,0.398
R19,C001347,1,1,0.391
R19,C011518,1,1,0.39
R20,C001009,0,0,0.398
R20,C002011,0,0,0.393
R20,C004845,0,0,0.393
R20,C004625,0,0,0.392
R20,C000372,0,0,0.391
R20,C006819,0,0,0.391
R20,C002768,0,0,0.39
