id_candidat,formula_decision,corrected_decision,source
C000222,1,0,codex_conditioned
C001213,0,1,codex_conditioned
C001841,0,1,codex_conditioned
C002397,0,1,codex_conditioned
C003940,1,0,codex_conditioned
C004950,1,0,codex_conditioned
C005232,1,0,codex_conditioned
C005364,1,0,codex_conditioned
C005981,1,0,codex_conditioned
C007559,0,1,codex_conditioned
C007568,1,0,codex_conditioned
C008340,1,0,codex_conditioned
C008358,1,0,codex_conditioned
C008582,0,1,codex_conditioned
C009913,1,0,codex_conditioned
C010347,1,0,codex_conditioned
C010618,1,0,codex_conditioned
C010665,1,0,codex_conditioned
C011236,1,0,codex_conditioned
C012645,1,0,codex_conditioned
C012781,0,1,codex_conditioned
C013034,1,0,codex_conditioned
C013174,0,1,codex_conditioned
C013677,0,1,codex_conditioned
C013784,1,0,codex_conditioned
C004931,1,0,pair_search
C007342,0,1,pair_search
C000505,1,0,probe_decoding
C000972,1,0,probe_decoding
C001178,0,1,probe_decoding
C001899,1,0,probe_decoding
C002259,1,0,probe_decoding
C002985,0,1,probe_decoding
C003693,1,0,probe_decoding
C004625,0,1,probe_decoding
C005158,1,0,probe_decoding
C005746,0,1,probe_decoding
C006120,1,0,probe_decoding
C008242,1,0,probe_decoding
C010216,1,0,probe_decoding
C010967,1,0,probe_decoding
C011012,0,1,probe_decoding
C011054,1,0,probe_decoding
C013387,1,0,probe_decoding
C013468,1,0,probe_decoding
C013862,1,0,probe_decoding
