file,accuracy,f1_macro
work/strat1/predictions_01.csv,92,
work/strat3/probe_cote_rem0.35.csv,92,
work/strat3/batch/r2_11.csv,93.63,93.36
work/strat3/batch/r3_11.csv,94.50,94.27
work/strat3/batch/r4_16.csv,94.70,94.48
work/strat3/batch/r4_14.csv,94.65,94.43
upload_codex/model_B_spline_academic_hours.csv,94.68,94.45
upload_codex/model_F_ensemble.csv,94.63,94.40
work/strat3/batch/r6_01.csv,94.40,94.16
work/strat3/batch/r6_02.csv,94.65,94.43
work/strat3/batch/r6_03.csv,94.60,94.37
work/strat3/batch/r6_04.csv,94.55,94.32
work/strat3/batch/r6_05.csv,94.55,94.32
work/strat3/batch/r6_06.csv,94.55,94.32
work/strat3/batch/r6_07.csv,94.55,94.32
work/strat3/batch/r6_08.csv,94.55,94.32
work/strat3/batch/r6_09.csv,94.30,94.06
work/strat3/batch/r6_10.csv,94.55,94.32
work/strat3/batch/r6_11.csv,94.70,94.48
work/strat3/batch/r6_12.csv,94.65,94.43
work/strat3/batch/r6_13.csv,94.70,94.48
