file,test,a,b,c,e,d,k,inter,quota,cote_norm,blend,grants,changed_vs_best
work/strat3/batch/r6_01.csv,best + distance -0.05 (combine both winners),0.2,0.0,0.0,-0.05,-0.05,1599,0.0,,,0.0,1599,64
work/strat3/batch/r6_02.csv,remote -0.10,0.2,0.0,0.0,0.0,-0.1,1599,0.0,,,0.0,1599,26
work/strat3/batch/r6_03.csv,best + income +0.04,0.2,0.04,0.0,0.0,-0.05,1599,0.0,,,0.0,1599,48
work/strat3/batch/r6_04.csv,income +0.06 instead of remote term,0.2,0.06,0.0,0.0,0.0,1599,0.0,,,0.0,1599,66
work/strat3/batch/r6_05.csv,"best, 40% within each programme",0.2,0.0,0.0,0.0,-0.05,1599,0.0,programme,,0.0,1599,54
work/strat3/batch/r6_06.csv,"best, cote R z-scored within programme",0.2,0.0,0.0,0.0,-0.05,1599,0.0,,programme,0.0,1599,32
work/strat3/batch/r6_07.csv,"best, hours 0.18",0.18,0.0,0.0,0.0,-0.05,1599,0.0,,,0.0,1599,20
work/strat3/batch/r6_08.csv,"best, hours 0.22",0.22,0.0,0.0,0.0,-0.05,1599,0.0,,,0.0,1599,26
work/strat3/batch/r6_09.csv,best + first-gen +0.05,0.2,0.0,0.05,0.0,-0.05,1599,0.0,,,0.0,1599,74
work/strat3/batch/r6_10.csv,best + first-gen -0.05,0.2,0.0,-0.05,0.0,-0.05,1599,0.0,,,0.0,1599,82
work/strat3/batch/r6_11.csv,"best, 1595 grants",0.2,0.0,0.0,0.0,-0.05,1595,0.0,,,0.0,1595,4
work/strat3/batch/r6_12.csv,"best, 1603 grants",0.2,0.0,0.0,0.0,-0.05,1603,0.0,,,0.0,1603,4
work/strat3/batch/r6_13.csv,rank average: best formula 50% + teammate spline 50%,0.2,0.0,0.0,0.0,-0.05,1599,0.0,,,0.5,1599,16
